personId,name,birthYear,deathYear
2,Mark Hamill,1951,
3,Harrison Ford,1942,
31,Tom Hanks,1956,
35,Sally Field,1946,
48,Sean Bean,1959,
62,Bruce Willis,1955,
64,Gary Oldman,1958,
85,Johnny Depp,1963,
103,Mark Ruffalo,1967,
112,Cate Blanchett,1969,
113,Christopher Lee,1922,
116,Keira Knightley,1985,
118,Geoffrey Rush,1951,
131,Jake Gyllenhaal,1980,
134,Jamie Foxx,1967,
139,Uma Thurman,1970,
150,RZA,1969,
155,Lucas Black,1982,
207,Tom Wilkinson,1948,
227,William Hurt,1950,
287,Brad Pitt,1963,
335,Michael Shannon,1974,
349,Scott Glenn,1941,
352,Dennis Haysbert,1954,
380,Robert De Niro,1943,
388,Jim Broadbent,1949,
400,Geraldine Chaplin,1944,
429,Lucas Till,1990,
449,Jay Baruchel,1982,
477,Julie Walters,1950,
478,Jamie Bell,1986,
501,Dakota Fanning,1994,
517,Pierce Brosnan,1953,
524,Natalie Portman,1981,
526,Lukas Haas,1976,
532,Joe Pantoliano,1951,
537,Stephen Tobolowsky,1951,
652,Paul Freeman,1943,
658,Alfred Molina,1953,
776,Eddie Murphy,1961,
825,Stacy Keach,1941,
880,Ben Affleck,1972,
934,Russell Crowe,1964,
955,Penélope Cruz,1974,
973,Jason Flemyng,1966,
974,Dexter Fletcher,1966,
975,Nick Moran,1969,
976,Jason Statham,1967,
980,Vinnie Jones,1965,
1019,Mads Mikkelsen,1965,
1062,Christopher Lloyd,1938,
1064,Crispin Glover,1964,
1100,Arnold Schwarzenegger,1947,
1115,Stephen Graham,1973,
1118,Rade Šerbedžija,1946,
1121,Benicio del Toro,1967,
1204,Julia Roberts,1967,
1210,Héctor Elizondo,1936,
1229,Jeff Bridges,1949,
1233,Philip Seymour Hoffman,1967,2014
1244,Jonathan Rhys Meyers,1977,
1245,Scarlett Johansson,1984,
1246,Emily Mortimer,1971,
1247,Matthew Goode,1978,
1276,Patricia Clarkson,1959,
1283,Helena Bonham Carter,1966,
1331,Hugo Weaving,1960,
1333,Andy Serkis,1964,
1336,Jet Li,1963,
1341,Donnie Yen,1963,
1372,Karl Urban,1972,
1430,Keith Richards,1943,
1461,George Clooney,1961,
1470,Wayne Duvall,1958,
1619,Chow Yun-Fat,1955,
1640,Stellan Skarsgård,1951,
1643,Adrian Rawlins,1958,
1646,Udo Kier,1944,
1670,Daniel Mays,1978,
1711,Mackenzie Crook,1971,
1712,Damian O'Hare,1977,
1771,Giovanni Ribisi,1974,
1812,Michelle Williams,1980,
1813,Anne Hathaway,1982,
1892,Matt Damon,1970,
1896,Don Cheadle,1964,
1902,Dianne Wiest,1948,
1923,Robbie Coltrane,1950,
2037,Cillian Murphy,1976,
2039,Brendan Gleeson,1955,
2047,Danny Glover,1946,
2109,Kim Cattrall,1956,
2130,Cary Elwes,1962,
2165,Rosanna Arquette,1959,
2171,Griffin Dunne,1955,
2176,Tommy Lee Jones,1946,
2178,Forest Whitaker,1961,
2201,Max von Sydow,1929,
2202,Steve Harris,1965,
2203,Neal McDonough,1966,
2220,Tony Curran,1969,
2227,Nicole Kidman,1967,
2228,Sean Penn,1960,
2229,Catherine Keener,1959,
2231,Samuel L. Jackson,1948,
2232,Michael Keaton,1951,
2247,George Harris,1949,
2282,Ben Kingsley,1943,
2283,Stanley Tucci,1960,
2295,Mickey Rourke,1952,
2299,Josh Hartnett,1978,
2320,Julian Richings,1955,
2372,Ron Perlman,1950,
2395,Whoopi Goldberg,1955,
2440,Bill Nighy,1949,
2449,Kevin McNally,1956,
2452,Vanessa Branch,1973,
2461,Mel Gibson,1956,
2478,Tommy Flanagan,1965,
2482,David O'Hara,1965,
2506,Alice Krige,1954,
2524,Tom Hardy,1977,
2536,Michael Parks,1940,
2547,Bruce Boxleitner,1950,
2632,Chris Rock,1965,
2681,Erik Knudsen,1988,
2683,Glenn Plummer,1961,
2778,Dennis Hopper,1936,2010
2876,Matt Dillon,1964,
2878,C. Thomas Howell,1966,
2887,Tom Waits,1949,
2954,Jeffrey Wright,1965,
2955,Chris Cooper,1951,
2957,Alexander Siddig,1965,
2963,Nicolas Cage,1964,
2978,Max Minghella,1985,
2983,Mark Strong,1963,
3035,Jerry O'Connell,1974,
3036,John Cusack,1966,
3041,Marshall Bell,1942,
3061,Ewan McGregor,1971,
3063,Tilda Swinton,1960,
3064,Peter Mullan,1959,
3075,Rory McCann,1969,
3130,Jennifer Beals,1963,
3131,Antonio Banderas,1960,
3138,Kathy Griffin,1960,
3141,Marisa Tomei,1964,
3223,Robert Downey Jr.,1965,
3234,Joan Cusack,1962,
3265,Eli Wallach,1915,2014
3292,Nicholas Hoult,1989,
3300,Natalia Tena,1984,
3392,Michael Douglas,1944,
3397,Dejan Čukić,1966,
3416,Demi Moore,1962,
3417,Tony Goldwyn,1960,
3796,Michael Gough,1916,2011
3895,Michael Caine,1933,
3896,Liam Neeson,1952,
3899,Ken Watanabe,1959,
3911,John Carroll Lynch,1963,
3968,Michael Sheen,1969,
3982,Xander Berkeley,1955,
4012,Spencer Treat Clark,1987,
4038,Susan Sarandon,1946,
4090,Shirley MacLaine,1934,
4173,Anthony Hopkins,1937,
4433,Alexis Dziena,1984,
4451,Mark Webber,1980,
4455,Ulrich Thomsen,1963,
4491,Jennifer Aniston,1969,
4495,Steve Carell,1962,
4512,James Woods,1947,
4513,Elizabeth McGovern,1961,
4566,Alan Rickman,1946,
4581,Steve Coogan,1965,
4602,Jon Tenney,1961,
4691,James Gandolfini,1961,2013
4753,Brian Bloom,1970,
4808,Giancarlo Esposito,1958,
4819,Paolo Bonacelli,1939,
4935,Pete Postlethwaite,1945,2011
5048,Harry Dean Stanton,1926,
5049,John Hurt,1940,
5081,Emily Blunt,1983,
5149,Bonnie Hunt,1961,
5170,Mike Starr,1950,
5292,Denzel Washington,1954,
5294,Chiwetel Ejiofor,1977,
5309,Judi Dench,1934,
5313,Lena Olin,1955,
5377,Ato Essandoh,1972,
5469,Ralph Fiennes,1962,
5526,Georgie Henley,1995,
5527,Skandar Keynes,1991,
5528,William Moseley,1987,
5529,Anna Popplewell,1988,
5538,Ray Winstone,1957,
5657,Anjelica Huston,1951,
5658,Michael Gambon,1940,
5724,Denis Leary,1957,
5823,Julie Andrews,1935,
5887,Catalina Sandino Moreno,1981,
5915,Jaime King,1979,
5916,Rosario Dawson,1979,
5960,Mary Kay Place,1947,
6065,Dennis Quaid,1954,
6067,Jay O. Sanders,1953,
6091,August Diehl,1976,
6162,Paul Bettany,1971,
6172,Tanya Clarke,1972,
6193,Leonardo DiCaprio,1974,
6194,Claire Danes,1979,
6199,Miriam Margolyes,1941,
6280,Powers Boothe,1948,
6368,Embeth Davidtz,1965,
6383,Aaron Eckhart,1968,
6413,Danny Huston,1962,
6416,Polly Walker,1966,
6574,Clancy Brown,1959,
6674,Julia Dietze,1981,
6696,Mark Ivanir,1968,
6751,Siobhan Fallon,1961,
6807,Sam Rockwell,1968,
6832,Melissa Leo,1960,
6858,Mike Vogel,1979,
6886,Christina Ricci,1980,
6908,Marc Macaulay,1957,
6941,Cameron Diaz,1972,
6949,John Malkovich,1953,
6952,Charlie Sheen,1965,
6972,Ian McShane,1942,
7026,Rhys Ifans,1968,
7056,Emma Thompson,1959,
7107,Daniel Olbrychski,1945,
7166,Kevin Pollak,1957,
7167,Don Rickles,1926,
7248,Cliff Curtis,1968,
7399,Ben Stiller,1965,
7624,Stan Lee,1922,
7907,John Ratzenberger,1947,
8167,Paul Walker,1973,2013
8169,Tyrese Gibson,1978,
8170,Eva Mendes,1974,
8177,Michael Ealy,1973,
8293,Marion Cotillard,1975,
8329,Radha Mitchell,1973,
8338,Jodelle Ferland,1994,
8349,Martin Sheen,1940,
8436,Miranda Richardson,1958,
8534,Kathy Bates,1948,
8602,Alice Braga,1983,
8659,John Terry,1950,
8691,Zoe Saldana,1978,
8693,Jude Ciccolella,1947,
8784,Daniel Craig,1968,
8785,Ciarán Hinds,1953,
8874,Ernie Hudson,1945,
8891,John Travolta,1954,
8924,Frank Langella,1938,
8930,John Cleese,1939,
9013,Kevin McKidd,1973,
9015,Kelly Macdonald,1976,
9048,Clark Gregg,1962,
9138,Gemma Jones,1942,
9191,Timothy Spall,1957,
9193,Shun Sugata,1955,
9273,Amy Adams,1974,
9278,Jennifer Garner,1972,
9462,Randall Duk Kim,1943,
9576,Gina Torres,1969,
9642,Jude Law,1972,
9656,Johnny Knoxville,1971,
9824,Diane Kruger,1976,
9827,Rose Byrne,1979,
9828,Garrett Hedlund,1984,
9831,Vincent Regan,1965,
9880,Sam Shepard,1943,
9976,Henry Thomas,1971,
10132,Colm Feore,1958,
10205,Sigourney Weaver,1949,
10379,Victor Slezak,1957,
10431,Jennifer Jason Leigh,1962,
10655,Leslie Phillips,1924,
10672,Art Malik,1952,
10673,Andreas Wisniewski,1959,
10744,Götz Otto,1967,
10859,Ryan Reynolds,1976,
10860,Jessica Biel,1982,
10912,Eva Green,1980,
10959,Shia LaBeouf,1986,
10978,Maggie Smith,1934,
10980,Daniel Radcliffe,1989,
10981,Fiona Shaw,1958,
10982,Harry Melling,1989,
10983,Richard Griffiths,1947,2013
10988,Geraldine Somerville,1967,
10989,Rupert Grint,1988,
10990,Emma Watson,1990,
10991,Bonnie Wright,1991,
10993,Tom Felton,1987,
11006,James Marsden,1973,
11064,David Strathairn,1949,
11088,Barry Tubb,1963,
11107,Ben Foster,1980,
11108,Simon Pegg,1970,
11109,Nick Frost,1972,
11159,Cheech Marin,1946,
11160,Danny Trejo,1944,
11161,Tom Savini,1946,
11179,Sean Biggerstaff,1983,
11180,David Bradley,1942,
11184,Warwick Davis,1970,
11207,David Thewlis,1963,
11212,Josh Herdman,1987,
11275,Stephen Fry,1957,
11276,Tim Pigott-Smith,1946,
11279,Roger Allam,1953,
11288,Robert Pattinson,1986,
11291,Clémence Poésy,1982,
11355,Jason Isaacs,1963,
11356,Imelda Staunton,1956,
11367,Bradley Whitford,1959,
11477,Ray Liotta,1954,
11514,Catherine O'Hara,1954,
11616,Olivia Williams,1968,
11662,Jason Lee,1970,
11677,Terry Chen,1975,
11701,Angelina Jolie,1975,
11702,Adam Brody,1979,
11803,Peter Greene,1965,
11870,Christine Baranski,1952,
11902,Robin Bartlett,1951,
12052,Gwyneth Paltrow,1972,
12073,Mike Myers,1963,
12074,John Lithgow,1945,
12133,Laurie Metcalf,1955,
12549,Brett Rickaby,1964,
12797,Glenn Morshower,1959,
12799,Jeremy Piven,1965,
12851,Ally Sheedy,1962,
12898,Tim Allen,1953,
12900,Wallace Shawn,1943,
13014,Toby Jones,1967,
13021,William Baldwin,1963,
13022,Tom Berenger,1949,
13240,Mark Wahlberg,1971,
13242,Paul Giamatti,1967,
13275,Tadanobu Asano,1973,
13477,Jonathan Adams,1967,
13550,Elias Koteas,1961,
13633,Mark Addy,1964,
13726,Ned Beatty,1937,
13812,Tilo Prückner,1940,
14343,Rene Russo,1954,
14464,Jenny Agutter,1952,
14723,Vicki Lewis,1960,
14741,Philippe Bergeron,1959,
15033,Justin Long,1978,
15110,Brooke Shields,1965,
15277,Jon Favreau,1966,
15318,Keith Campbell,1962,
15440,Jared Harris,1961,
15453,Debra Jo Rupp,1951,
15498,Liam Cunningham,1961,
15543,Derek Luke,1974,
15556,Rebecca Hall,1982,
15564,Keith Robinson,1976,
15576,Matthew Macfadyen,1974,
15661,Clint Howard,1959,
15737,Helen McCrory,1968,
15758,Queen Latifah,1970,
15852,Ashley Judd,1968,
15854,Ted Levine,1957,
15887,Julia Ormond,1965,
16327,Timothy Hutton,1960,
16358,Simon McBurney,1957,
16450,Sean Combs,1969,
16483,Sylvester Stallone,1946,
16644,Dolph Lundgren,1957,
16828,Chris Evans,1981,
16841,Brett Cullen,1956,
16851,Josh Brolin,1968,
16859,Tammy Blanchard,1976,
17005,Doug Jones,1960,
17052,Topher Grace,1978,
17141,Greg Kinnear,1963,
17183,Jackie Earle Haley,1961,
17199,Corey Johnson,1961,
17200,Bill Smitrovich,1947,
17244,Hayden Christensen,1981,
17265,Hayden Panettiere,1989,
17271,Brandon Routh,1979,
17276,Gerard Butler,1969,
17287,Dominic West,1969,
17288,Michael Fassbender,1977,
17341,Amaury Nolasco,1970,
17352,Marianne Jean-Baptiste,1967,
17486,Alison Pill,1985,
17487,John Gallagher Jr.,1984,
17495,Martha Plimpton,1970,
17604,Jeremy Renner,1971,
17605,Idris Elba,1972,
17606,Imogen Poots,1989,
17628,Mary Elizabeth Winstead,1984,
17647,Michelle Rodriguez,1978,
17743,Miranda Cosgrove,1993,
17764,Charles S. Dutton,1951,
17782,Colm Meaney,1953,
17832,Carla Gugino,1971,
17834,Jake Cherry,1996,
17881,Jason Schwartzman,1980,
18067,Rachael Stirling,1977,
18082,Timothy Olyphant,1968,
18182,Olga Kurylenko,1979,
18269,Brendan Fraser,1968,
18284,Loretta Devine,1949,
18313,Michael Rispoli,1960,
18324,Steve Zahn,1967,
18352,Patrick Dempsey,1966,
18616,David Morrissey,1964,
18793,Kieran Culkin,1982,
18897,Jackie Chan,1954,
18918,Dwayne Johnson,1972,
18973,Mila Kunis,1983,
18976,Ashton Kutcher,1978,
18997,Bryce Dallas Howard,1981,
19151,James Eckhouse,1955,
19487,Jay Hernandez,1978,
19498,Jon Bernthal,1977,
19508,Nolan North,1970,
19536,Josh Duhamel,1972,
19537,Megan Fox,1986,
19728,Mark Harmon,1951,
19729,Katharine Houghton,1945,
19767,Snoop Dogg,1971,
19866,Guillaume Canet,1973,
20049,David Tennant,1971,
20089,Jena Malone,1984,
20212,Dermot Mulroney,1963,
20239,Vincent Pérez,1964,
20286,Toby Kebbell,1982,
20300,Eileen Atkins,1934,
20374,Teresa Palmer,1986,
20403,Beau Garrett,1982,
20491,Vanessa Ferlito,1980,
20495,Jeff Fahey,1952,
20644,Aasif Mandvi,1966,
20759,Yancy Butler,1970,
20767,Samantha Mathis,1970,
20903,Josh Keaton,1979,
20982,Marton Csokas,1966,
20999,Mark Williams,1959,
21007,Jonah Hill,1983,
21029,Billy Burke,1966,
21049,Yancey Arias,1971,
21127,Bobby Cannavale,1970,
21134,John Slattery,1962,
21142,Gregory Itzin,1948,
21200,Will Arnett,1970,
21315,Eric Roberts,1956,
21318,Scout Taylor-Compton,1989,
21430,Natassia Malthe,1974,
21485,Blake Clark,1946,
21618,Victoria Tennant,1950,
21817,Jane March,1973,
21882,Josh Stamberg,1970,
22063,James Frain,1968,
22128,Geoff Stults,1977,
22227,Christopher Meloni,1961,
22821,David Zayas,1969,
22970,Peter Dinklage,1969,
23229,Carice van Houten,1976,
23626,Liev Schreiber,1967,
23659,Will Ferrell,1967,
23680,Dee Bradley Baker,1962,
23789,Sebastian Roché,1964,
23790,Dominic Keating,1962,
23880,Steven Seagal,1951,
24045,Joseph Gordon-Levitt,1981,
24047,Courtney B. Vance,1960,
24264,Craig Ferguson,1962,
24362,Kevin Michael Richardson,1964,
25072,Oscar Isaac,1980,
25129,Don Johnson,1949,
25130,Ben Barnes,1981,
25134,Shane Rangi,1969,
25540,Sandra Oh,1971,
25703,Lake Bell,1979,
25836,Sarah Clarke,1972,
25972,Melina Kanakaredes,1967,
26209,Matt Lucas,1974,
26485,James Belushi,1954,
26718,Dorian Missick,1976,
27104,Johnny Simmons,1986,
27397,Anton Lesser,1952,
27428,Aaron Taylor-Johnson,1990,
27578,Ellen Page,1987,
27752,Bruce Spence,1945,
27822,David Ryall,1935,
28109,Alexa Davalos,1982,
28633,Richard Jenkins,1947,
28640,Molly Shannon,1964,
28660,Emilie de Ravin,1981,
28782,Monica Bellucci,1964,
29234,Joe Anderson,1982,
30083,Lindsay Duncan,1950,
30315,Richard Armitage,1971,
30614,Ryan Gosling,1980,
30710,J. J. Feild,1978,
30882,Christine Lakin,1979,
31132,Columbus Short,1982,
31136,Chris Brown,1989,
31137,Brian J. White,1975,
31384,Jordi Mollà,1968,
31536,Marc Worden,1976,
31838,Danielle Panabaker,1987,
32205,Brendan Fletcher,1981,
32556,Ronald Pickup,1940,
32798,Elisabeth Moss,1982,
32990,Sophie Thompson,1962,
33045,J. Michael Straczynski,1954,
33235,Logan Lerman,1992,
33348,Adrian Holmes,1974,
34199,Thomas Dekker,1987,
34486,Ashley Johnson,1983,
34502,Kellan Lutz,1985,
34847,Emma Roberts,1991,
34900,Paul Whitehouse,1958,
34934,Bruce Timm,1961,
34982,Jeff Bennett,1962,
35091,Scott Grimes,1971,
35548,Simon Rex,1974,
35705,Regina Hall,1970,
35742,Shahrukh Khan,1965,
35792,Jimmy Shergill,1971,
35806,Shaquille O'Neal,1972,
36091,Christian Stolte,1962,
36422,Luke Wilson,1971,
36594,Juno Temple,1989,
36631,Randall Batinkoff,1968,
36662,Carey Mulligan,1985,
36801,Adam Scott,1973,
36856,Claus Wilcke,1939,
37168,Hans Matheson,1975,
37260,Abbie Cornish,1982,
37625,Andrew Garfield,1983,
37917,Kristen Stewart,1990,
38026,Chris Noth,1954,
38425,Amber Valletta,1974,
38673,Channing Tatum,1980,
38940,Evan Rachel Wood,1987,
39189,Stephen Merchant,1974,
39213,Keir O'Donnell,1978,
39388,Amy Ryan,1969,
39389,Titus Welliver,1961,
39459,Hayley Atwell,1982,
39995,Michael Cera,1988,
40275,Tim Guinee,1962,
40462,Kristen Bell,1980,
40638,Guy Henry,1960,
40942,Barbara Windsor,1937,
41088,Jason Segel,1980,
41091,Kristen Wiig,1973,
41227,Anne Lockhart,1953,
41292,Keri Russell,1976,
41556,Omari Hardwick,1974,
41561,Kenneth Choi,1971,
41565,Nate Torrence,1977,
41662,Lindsay Sloane,1977,
41798,George Lopez,1961,
42393,Bille Brown,1952,2013
42710,Keegan Connor Tracy,1971,
43263,Conrad Coates,1970,
43464,John Patrick Amedori,1987,
43553,Jerzy Skolimowski,1938,
43775,Jane Lynch,1960,
43902,Erik Palladino,1968,
44649,Violante Placido,1976,
44826,Hunt Block,1953,
45400,Greta Gerwig,1983,
45749,Thekla Reuten,1975,
45827,Ashley Greene,1987,
46074,Rachael Harris,1968,
46897,Erica Durance,1978,
47468,Frances de la Tour,1944,
49265,Lindsay Lohan,1986,
49961,Michelle Trachtenberg,1985,
49971,Jennifer Ehle,1969,
50117,Peter Hermann,1967,
51072,Kate Mara,1983,
51100,Gad Elmaleh,1971,
51298,Dax Shepard,1975,
51300,Derek Mears,1972,
51329,Bradley Cooper,1975,
51455,Johnny Lewis,1983,2012
51533,Fran Kranz,1983,
51670,Johnathon Schaech,1969,
51976,D.J. Cotrona,1980,
51988,Lizzy Caplan,1982,
51990,T. J. Miller,1981,
51992,Odette Annable,1985,
51998,Liza Lapira,1981,
52139,Seth MacFarlane,1973,
52374,Bruce Davison,1946,
52404,Mae Whitman,1988,
52414,Cameron Bright,1993,
52852,Kat Dennings,1986,
52865,Garry Shandling,1949,
52890,Richard Coyle,1972,
52997,Rob Corddry,1971,
53105,Arjun Mathur,1981,
53240,Riz Ahmed,1982,
53256,Terry Crews,1968,
53336,Brandon T. Jackson,1984,
53368,Scott Porter,1979,
53397,Christina Aguilera,1980,
53480,Khalid Abdalla,1981,
53755,Elizabeth Reaser,1975,
53904,Johan Leysen,1950,
53926,Jon Heder,1977,
54691,Christopher Mintz-Plasse,1989,
54693,Emma Stone,1988,
54729,Clark Duke,1985,
54810,Reece Ritchie,1986,
54812,Chevy Chase,1943,
55002,Björn Granath,1946,
55061,Kajol,1974,
55085,Amber Heard,1986,
55089,Evan Peters,1987,
55152,Campbell Scott,1961,
55205,Stephen Bishop,1971,
55398,Ashley Jensen,1969,
55412,Steve Toussaint,1965,
55467,Stephen Campbell Moore,1979,
55470,Dominic Cooper,1978,
55636,Donald Sutherland,1935,
55638,Kevin Hart,1980,
55775,Katie Cassidy,1986,
55901,Gemma Ward,1987,
55936,Jemaine Clement,1974,
56124,William Zabka,1965,
56152,Kari Wührer,1967,
56584,Bam Margera,1979,
56585,Steve-O,1974,
56586,Chris Pontius,1974,
56614,Ray Stevenson,1964,
56675,Anson Mount,1973,
56676,Michael Welch,1987,
56731,Jessica Alba,1981,
56734,Chloë Grace Moretz,1997,
56857,Peter Facinelli,1973,
56890,Malcolm McDowell,1943,
56903,Tracy Morgan,1968,
56930,David Selby,1941,
57012,Fares Fares,1973,
57409,Ana de la Reguera,1977,
57451,Leslie Bibb,1974,
57599,Seann William Scott,1976,
57674,Alexa PenaVega,1988,
57675,Daryl Sabara,1992,
57755,Woody Harrelson,1961,
58115,Eric Dane,1972,
58197,Bow Wow,1987,
58224,Jason Sudeikis,1975,
58402,Cainan Wiebe,1995,
58502,Natalie Dormer,1982,
58691,Heather Locklear,1961,
58737,Jack McBrayer,1973,
58787,Giannina Facio,1955,
58926,Katt Williams,1973,
58954,Darrell Hammond,1955,
59129,Óscar Jaenada,1961,
59174,America Ferrera,1984,
59175,Blake Lively,1987,
59219,Kyle Gallner,1986,
59243,Alex Ferris,1997,
59252,Nikki Reed,1988,
59261,Hannah Marks,1993,
59311,Mark Hildreth,1978,
59315,Olivia Wilde,1984,
59592,Izabella Miko,1981,
59620,Gemma Arterton,1986,
59662,Joanna Going,1963,
59817,Jaimie Alexander,1984,
59860,Alice Eve,1982,
59919,Russell Brand,1975,
60033,Yaya DaCosta,1982,
60073,Brie Larson,1989,
60074,Jeff Garlin,1962,
60118,John Bedford Lloyd,1956,
60195,David Aaron Baker,1963,
60348,Dave Legeno,1963,
60633,Kevin Sussman,1970,
60650,Michael Paré,1958,
60715,Kirsten Prout,1990,
60875,David Jensen,1952,
60898,Sebastian Stan,1983,
61114,Kate Walsh,1967,
61178,Alia Shawkat,1989,
61186,Nicola Peltz,1995,
61217,Robert Romanus,1956,
61659,Chris Messina,1974,
61964,Estelle Harris,1932,
62410,Sammo Hung,1952,
62564,Madeline Carroll,1996,
62849,Tom Lenk,1976,
62862,Danny McBride,1976,
63232,Mary Birdsong,1968,
63235,Cedric Yarbrough,1973,
63564,Nels Lennarson,1972,
63978,Jodi Benson,1961,
64143,Brian Scannell,1966,
64148,Chase Ellison,1993,
64342,Craig Robinson,1971,
65225,Justin Chon,1981,
65445,Samuel Roukin,1980,
65717,Jon Hamm,1971,
65731,Sam Worthington,1976,
65827,Keith David,1956,
66441,Talulah Riley,1985,
66580,Scott Adsit,1965,
67599,Vanessa Hudgens,1988,
67600,Ashley Tisdale,1985,
68559,Gary Daniels,1963,
68890,Tatum O'Neal,1963,
70175,Chelah Horsdal,1973,
70456,Emily Browning,1988,
71057,Zhou Xun,1976,
71070,Amanda Seyfried,1985,
71189,Cobie Smulders,1982,
71403,Rob Riggle,1970,
72095,Lee Pace,1979,
73336,Summer Bishil,1988,
73357,Eleanor Tomlinson,1992,
73641,Christiane Amanpour,1958,
74289,Amanda Righetti,1983,
74541,Corey Stoll,1976,
74568,Chris Hemsworth,1983,
74570,Ron Glass,1945,
74571,Regine Nehy,1987,
74577,Bitsie Tulloch,1981,
74607,Autumn Reeser,1980,
74618,Katrina Bowden,1988,
74687,Stella Maeve,1989,
74748,Randy Couture,1963,
75170,Gary Sweet,1957,
76070,Mia Wasikowska,1989,
76126,T.I.,1980,
76242,Noel Clarke,1975,
76365,Preston Lacy,1969,
76512,Jason Clarke,1969,
76788,Dev Patel,1990,
76793,Irrfan Khan,1962,
76828,Patrick Gilmore,1976,
77120,Steve Austin,1964,
77271,Pink,1979,
77304,Zhao Wei,1976,
77334,Chandler Canterbury,1998,
77824,Tanoai Reed,1974,
77880,Josh Dallas,1981,
77996,Asa Butterfield,1997,
78029,Martin Lawrence,1965,
78080,Krysten Ritter,1981,
78150,Joshua Cox,1965,
78324,Jamie Chung,1983,
78501,Melissa Joan Hart,1976,
78840,Jason Acuña,1973,
78887,Billy Ray Cyrus,1961,
79072,Kevin Durand,1974,
79635,Julian Holloway,1944,
80120,Andy McAvin,1952,
80149,Douglas Hodge,1960,
80378,Preston Bailey,2000,
80591,Rashida Jones,1976,
80595,Rob Huebel,1969,
80757,Mike Tyson,1966,
81097,Shawn Roberts,1984,
81133,Amy Acker,1976,
81364,Olivia Munn,1980,
81379,Steve Blum,1965,
81663,Vanessa Marshall,1969,
81681,Denis O'Hare,1962,
81682,Bojana Novaković,1981,
81683,Gbenga Akinnagbe,1978,
81684,Caterina Scorsone,1981,
81685,Frank Grillo,1963,
81688,Scott Winters,1959,2011
82096,Jessica Paré,1982,
82885,Zoe Lister-Jones,1982,
82945,Charles Baker,1971,
83002,Jessica Chastain,1977,
83248,Ron Paul,1935,
83274,Rachele Brooke Smith,1987,
83356,Jamie Campbell Bower,1988,
83586,Ken Jeong,1969,
83948,Rukiya Bernard,1983,
84214,Taylor Lautner,1992,
84215,Jackson Rathbone,1984,
84219,Chaske Spencer,1975,
84223,Anna Kendrick,1985,
84224,Christian Serratos,1990,
84225,Gil Birmingham,1966,
84482,Luke Benward,1995,
85178,Christa Campbell,1972,
85386,Irina Björklund,1973,
85505,Dan Payne,1972,
86268,Serinda Swan,1984,
86272,Natacha Itzel,1984,
86273,Lisa Rotondi,1972,
86310,Connie Britton,1967,
86442,Michael J. Reynolds,1939,
86624,Collette Wolfe,1980,
86627,Dave England,1969,
86653,Carter Jenkins,1991,
87310,Julia Jones,1981,
87312,James Parks,1968,
87440,Chris Carmack,1980,
87822,Damon Wayans Jr.,1982,
87944,Law Kar-Ying,1947,
88550,Joel Garland,1975,
88816,Noah Ringer,1996,
88903,Satya Bhabha,1983,
88995,Adrianne Palicki,1983,
89819,Zachary Gordon,1998,
89821,Dimitri Leonidas,1987,
90113,Katarzyna Wolejnio,1973,
90498,Devon Bostick,1991,
91351,Sarah Hyland,1990,
91494,Enzo Cilenti,1974,
91606,Tom Hiddleston,1981,
91670,Eisa Davis,1971,
92404,Joel Kinnaman,1979,
93210,Domhnall Gleeson,1983,
93491,Will Poulter,1993,
94304,Larry Cedar,1955,
94567,Zarina Wahab,1959,
95023,Oliver Milburn,1973,
95102,Kaitlin Olson,1975,
95697,Dileep Rao,1973,
95777,Bill O'Reilly,1949,
96841,Matthew Lewis,1989,
97906,Christine Nguyen,1984,
98420,Lynn Lowry,1947,
98522,Riley Keough,1989,
99414,Giselle Itié,1981,
101522,Walter Perez,1982,
101847,Lance E. Nichols,1955,
102744,Monique Ganderton,1980,
102786,Barack Obama,1961,
103351,Luke Treadaway,1984,
103833,John Aylward,1946,
104802,Phillip Rhys,1972,
105163,David Icke,1952,
105641,James Patrick Stuart,1968,
105727,Jake Abel,1987,
105868,Filippo Timi,1974,
106775,Liam O'Brien,1976,
106776,Samuel Vincent,1971,
108916,Rooney Mara,1985,
109438,Xavier Samuel,1983,
109513,Alexandra Daddario,1986,
109869,Kristen Schaal,1978,
110475,Brett Dier,1990,
110875,Gareth David-Lloyd,1981,
111455,Katy Perry,1984,
111513,Yvette Nicole Brown,1971,
111685,Kim Shaw,1983,
111801,Eoin Macken,1983,
111922,Robert Capron,1998,
111923,Karan Brar,1999,
112062,Wu Chun,1979,
112288,Lucille Soong,1938,
113360,Tim Preece,1938,
113676,Helena Mattsson,1984,
114019,Luke Evans,1979,
115146,Dominique McElligott,1986,
115150,Kaya Scodelario,1992,
115335,Anna Kuchma,1981,
116131,Ryan Sheckler,1989,
116881,Deborah Twiss,1971,
116882,Lyndsy Fonseca,1987,
118043,Francie Swift,1969,
118372,Yara Shahidi,2000,
118374,Gaius Charles,1983,
118377,Cassidy Hinkle,1997,
118384,Kevin O'Donnell,1976,
118386,Cecilia Foss,1900,
118490,Meredith Vieira,1953,
118616,Robert Michael Sheehan,1988,
118753,Alexander Wraith,1979,
119586,Ethan Peck,1986,
119592,Aubrey Plaza,1984,
120832,Kasia Smutniak,1979,
120932,Claire Foy,1984,
121529,Léa Seydoux,1985,
121868,Booboo Stewart,1994,
122281,Jerry Della Salla,1969,
122282,Sean Huze,1975,
122291,Brian VanRiper,1981,
122338,Omar Berdouni,1979,
122339,Alex Moore,1981,
122345,Tommy Campbell,1978,
125167,Mindy Kaling,1979,
125740,Dragomir Mrsic,1969,
126502,Charisma Carpenter,1970,
129714,Kisha Sierra,1981,
132354,Kate Micucci,1980,
134704,Wu Ma,1942,
136429,Ryan Dunn,1977,2011
137424,Gia Mantegna,1990,
140114,Marie Avgeropoulos,1986,
140367,Evanna Lynch,1991,
142953,Mini Anden,1978,
144577,Justine Cotsonas,1985,
145299,Eric Godon,1959,
147472,Alan Doyle,1969,
147734,Samuli Vauramo,1981,
149665,Kali Rocha,1971,
150204,Mina Badie,1970,
152759,Peggy Lipton,1946,
152820,Chris William Martin,1975,
157146,Barbara Eve Harris,1959,
159485,Stephanie Romanov,1969,
167293,Rae Ritke,1969,
169337,Katherine LaNasa,1966,
170804,Peggy Stewart,1923,
170977,Stephen Mailer,1966,
178630,Kate Fleetwood,1972,
182280,Daniel Eric Gold,1975,
199432,Jim Knobeloch,1950,
205976,Kelsey Chow,1991,
209196,Annie Ilonzeh,1983,
210695,Jesse Williams,1981,
210824,Kristen Connolly,1980,
211937,Tiffany Espensen,1999,
212208,Taylor Swift,1989,
224197,Brett Gelman,1976,
224724,Will Seatle Bowes,1990,
229634,Sebastian Armesto,1982,
231199,Axelle Carolyn,1979,
231547,Chris Zylka,1985,
234921,Arben Bajraktaraj,1983,
234923,Alfie Enoch,1988,
234925,Shefali Chowdhury,1988,
234926,Afshan Azad,1988,
234928,Scarlett Byrne,1990,
234933,Katie Leung,1987,
234934,Freddie Stroma,1987,
237405,Lady Gaga,1986,
237455,Sam Claflin,1986,
452205,Bobby Moynihan,1978,
469759,Astrid Bergès-Frisbey,1986,
486603,Anna Hutchison,1986,
510488,Nico Evers-Swindell,1979,
558927,Brendan Meyer,1994,
558928,Max Charles,2003,
569937,Dora Lipovcan,1977,
569956,Dusan Bucan,1976,
583061,Michael Kopsa,1956,
586953,Anna Foglietta,1979,
587354,Gísli Örn Garðarsson,1973,
931172,Jianbin Chen,1970,
933182,Justin Price,1985,
936970,Julia Garner,1994,
946696,Ian Whyte,1971,
956719,Tim De Zarn,1952,
964590,Destiny Whitlock,2001,
992389,Tony Nevada,1977,
996701,Miles Teller,1987,
999790,Alexis Knapp,1989,
1040332,Sandro Dori,1938,
1052655,Annett Culp,1975,
1057048,Michael Ford-FitzGerald,1979,
1111328,Leif Gantvoort,1972,
1116442,John Morris,1984,
1140635,Jon Campling,1966,
1209900,Roberto Lombardi,1963,
1214423,Allie Grant,1994,
1214673,Alexis Denisof,1966,
1215836,Kyle Bornheimer,1975,
1216701,Meghan Markle,1981,
1218928,Erica Cerra,1979,
1223171,Willa Holland,1991,
1224022,Enver Gjokaj,1980,
1232365,Andy Pessoa,1995,
1233560,Trevor Donovan,1978,
1254435,Peyton List,1998,
1281596,Will Shadley,1999,
